{
  "train_cases": [
    0
  ],
  "threshold_method": "p99(train_recon_error)",
  "threshold": 0.005161790177226067,
  "train_err_mean": 0.0012698937207460403,
  "train_err_p95": 0.004783873446285725,
  "train_err_p99": 0.005161790177226067
}